id;Плейлист;Название видео;Лайки;Дизлайки;Просмотры;Комментарии;Продолжительность(с);Дата публикации
1;знакомое кино;grand theft auto - плагиат или все же пасхалки?;46822;895;283336;1 819;1633;06.06.2020
2;знакомое кино;плагиат или пасхалки - fallout | знакомое кино 2 | полный разбор всей серии игр фаллаут;20167;576;635150;970;1958;20.08.2020
3;гик-влоги;как я познакомился с марго робби на самом крутом комик-коне в бразилии | гик_влог #5;43919;836;1580133;2 385;1661;17.01.2020
4;гик-влоги;я поиграл в the last of us part 2 и пообщался с разработчиками naughty dog | гик_влог #4;24931;705;574355;1 313;691;28.09.2019
5;гик-влоги;овервотч в лос анджелесе | интервью с shadowburn | гик_влог #3;6969;777;450176;653;741;25.07.2018
6;гик-влоги;экскурсия по студии пиксар/pixar | гик_влог #2;23297;312;317029;1 056;750;15.06.2018
7;гик-влоги;первому игроку приготовиться в реальности на sxsw2018 в остине, техас | гик_влог #1;44465;779;487498;1 818;1156;02.04.2018
8;первому игроку приготовиться;"все пасхалки и отсылки ""первому игроку приготовиться"" (часть 4.)";32494;690;4883906;1 594;1122;21.09.2019
9;первому игроку приготовиться;"секреты и детали ""первому игроку приготовиться"" (часть 3)";33907;813;774774;861;723;31.01.2019
10;первому игроку приготовиться;"все пасхалки ""первому игроку приготовиться"" (часть 2)";69292;928;774774;1 545;629;01.12.2018
11;первому игроку приготовиться;"все пасхалки ""первому игроку приготовиться"" (часть 1)";79559;1476;661187;2 974;972;23.11.2018
12;первому игроку приготовиться;первому игроку приготовиться в реальности на sxsw2018 в остине, техас | гик_влог #1;44465;779;487498;1 818;1156;02.04.2018
13;первому игроку приготовиться;мнение о первому игроку приготовиться от котокраба | стивен спилберг 2018;27119;848;487498;1 267;639;22.03.2018
14;первому игроку приготовиться;"что показали в трейлере №2 ""первому игроку приготовиться/ready player one"" | спилберг 2018";26367;647;44914;1 763;1303;27.01.2018
15;первому игроку приготовиться;"что показали в трейлере ""первому игроку приготовиться/ready player one"" | стивен спилберг 2017";38389;986;789876;1 680;1379;02.09.2017
16;неужели;"неужели ""чужой/прометей"" и ""бегущий по лезвию"" - это одна киновселенная?";40506;2099;225312;1 377;601;18.07.2017
17;неужели;неужели киновселенная dceu - это мультивселенная?;35140;1166;976699;1 595;377;01.08.2017
18;неужели;неужели матрица создана для защиты человечества | нео - злодей (теория);58926;4441;509085;4 060;700;15.08.2017
19;неужели;неужели прометей - это библия?!;17549;993;225312;648;354;24.09.2017
20;неужели;неужели сноук первый джедай?! | звёздные войны эпизод 8;56434;2777;347578;2 302;605;25.10.2017
21;неужели;"неужели локи всех обманул? | теория ""мстители: война бесконечности"" marvel 2018";59983;2941;2281432;4 613;601;19.05.2018
22;неужели;неужели кейбл спасет логана? | дэдпул 2 перезагрузит киновселенную;30347;1086;627873;1 038;444;12.05.2018
23;неужели;неужели живое приквел венома? | новая киновселенная марвел 2018;40331;2440;487978;1 365;446;18.01.2018
24;неужели;неужели парк юрского периода - обман?;26613;1656;225312;1 257;604;11.06.2018
25;неужели;неужели мстители были в 90-х? | теория мстителей прошлого;33030;843;875218;964;841;20.10.2018
26;неужели;неужели росомаха появится в мстителях? | камео логана в киновселенной марвел 2019;39895;2042;754429;1 818;602;09.02.2019
27;неужели;"неужели фильм ""назад в будущее"" предсказал будущее? (теория)";46510;3617;468055;3 758;774;11.09.2019
28;неужели;неужели довод это сиквел начала?! | теория глубокого сна в фильме тенет;38325;1403;791728;1 638;730;06.03.2020
29;неужели;"неужели мистерио выжил? | новые детали фильма ""человек-паук: вдали от дома""";32786;1284;1580205;952;632;20.06.2020
30;неужели;неужели вижн - главный злодей wandavision;20637;1111;214644;1 231;635;27.01.2021
31;видеоигры;"что показали в трейлере ""the last of us part 2/одни из нас 2"" | умрёт ли джоэл?";63510;1791;422357;3 658;972;09.02.2017
32;видеоигры;"что показали в трейлере ""resident evil 7""";6840;525;4047597;558;604;05.07.2016
33;видеоигры;что показали в трейлере игры spider man ps4;12435;428;422357;1 022;611;21.09.2016
34;видеоигры;полная история серии assassins creed за 5 минут | пересказ от cut the crap tv;4797;171;723060;201;418;22.09.2015
35;видеоигры;полная история всех частей metal gear всего за 10 минут | пересказ от cut the crap tv;1717;236;89825;157;683;08.09.2015
36;видеоигры;"что показали в трейлере видеоигры ""battlefront 2"" | star wars ps4, xbox, pc";17629;500;356336;715;610;09.05.2017
37;видеоигры;история жанра интерактивное кино или full motion video | detroit become human;14661;318;554082;663;657;10.06.2017
38;видеоигры;что показали на ea play | обзор выставки перед e3 2017;11717;255;207784;418;374;11.06.2017
39;видеоигры;что показали на выставке e3 2017 | electronic entertainment expo 17;9870;548;200093;628;1369;29.06.2017
40;видеоигры;почему стоит ждать beyond good & evil 2 | чем так хороша эта игра;10029;284;792210;424;485;10.08.2017
41;видеоигры;"что показали в трейлере ""red dead redemption 2"" | rockstar games ps4, xbox one 2018";9718;523;198900;573;1048;12.10.2017
42;видеоигры;the last of us 2 сюжет раскрыт!;24286;580;16232;1 133;627;09.11.2017
43;видеоигры;half-life: alyx неспешный летсплей в шлеме valve index (часть 1) | квартира аликс;6298;179;86439;498;2329;25.03.2020
44;видеоигры;half-life: alyx неспешный летсплей в шлеме valve index (часть 2) | лаборатория рассела;3202;111;61126;356;3274;25.03.2020
45;видеоигры;half-life: alyx все секреты и детали игры;24030;516;385665;1 323;1886;01.05.2020
46;видеоигры;полный разбор вселенной киберпанк 2077 | что показали в трейлере cyberpunk 2077;62740;1187;737938;1 970;2514;28.07.2020
47;видеоигры;ассассины в watch dogs, сюжет miles morales, интерфейс ps5, транспорт киберпанка | игровые новости 1;17810;685;194797;847;933;20.10.2020
48;видеоигры;among us в vr, перенос cyberpunk, обзоры xbox и ps5, бесплатные игры | игровые новости 2 (1/11);19155;547;737938;654;1245;03.11.2020
49;видеоигры;cекретный тизер гта 6 // новый silent hill и metal gear solid // новые игры месяца | игро_новости №3;15868;761;254348;757;1680;29.11.2020
50;видеоигры;cyberpunk 2077 // первые впечатления от начала игры (без спойлеров);27133;2300;415514;2 055;1251;07.12.2020
51;видеоигры;баги и трюки cyberpunk 2077 // открытый мир без спойлеров // физика автомобилей, стрельба, аварии;9527;1163;229629;1 653;2697;09.12.2020
52;стримы;q&a ответы на вопросы | первый стрим cut the crap tv;4519;174;794496;173;4112;
53;стримы;ответы на вопросы, розыгрыш ps4pro и movie awards!;3958;252;90782;0;11206;
54;стримы;котокраб в сети | день рождения cut the crap;5557;97;5881169;185;9128;
55;наука кино;гений ли нолан? | ? наука кино;33774;1117;230008;1 351;1208;28.11.2016
56;наука кино;блестящ ли дж дж абрамс? | наука кино;12556;519;197862;956;878;14.01.2017
57;наука кино;почему блокбастеры так популярны? | как твой мозг смотрит кино;27487;723;491090;1 498;1089;12.11.2020
58;наука кино;квадратный жгут/квадратный жгут из бисера мастер класс/как плести жгут из бисера;1068;32;34906;49;557;13.06.2018
59;наука кино;"забытое искусство кино | главный секрет фильма ""терминатор 2: судный день""";27394;1767;217777;2 454;1823;19.11.2020
60;топы;топ-15 актеров-музыкантов, о которых вы возможно не знали;4193;153;126262;748;831;15.07.2016
61;топы;лучшие новогодние фильмы, создающие рождественское настроение | топ новогодних фильмов;11757;578;327617;949;523;16.12.2016
62;топы;лучшие сериалы 2019 года и ожидания от 2020 | список котокраба;29859;1422;229973;1 867;1011;30.12.2019
63;топы;лучшие фильмы 2019 и ожидания от 2020 | список котокраба;20239;831;750368;1 296;1252;04.01.2020
64;секреты и детали;секреты и детали сериала вандавижн (серии 1-2) | полный разбор wandavision;17922;681;214647;1 023;1482;05.02.2021
65;секреты и детали;что скрывает матрица? | это вы могли не заметить;43891;1383;491090;2 168;2051;30.01.2021
66;секреты и детали;"шутки, которые вы могли не понять в фильме ""стражи галактики/guardians of the galaxy""";36262;717;439448;1 021;1124;15.12.2020
67;секреты и детали;секреты и детали мультфильма человек-паук: через вселенные | все пасхалки и отсылки;54511;938;724353;2 044;2726;10.10.2020
68;секреты и детали;что скрывает человек-паук: вдали от дома? | все пасхалки и отсылки;55678;1515;1580311;2 230;3118;10.06.2020
69;секреты и детали;half-life: alyx все секреты и детали игры;24031;516;470396;1 323;1886;01.05.2020
70;секреты и детали;советские пасхалки в сериале чернобыль от hbo;19363;2343;468056;1 952;1272;01.10.2019
71;секреты и детали;"все пасхалки и отсылки ""первому игроку приготовиться"" (часть 4.)";32494;690;4884216;1 594;1122;21.09.2019
72;секреты и детали;"секреты и детали фильма ""мстители: финал"" | все пасхалки и отсылки";129675;4631;956719;4 809;3844;06.09.2019
73;секреты и детали;"секреты и детали ""первому игроку приготовиться"" (часть 3)";33908;813;774776;861;723;31.01.2019
74;секреты и детали;"полный разбор фильма ""человек-муравей и оса"" | все секреты, детали, пасхалки и отсылки";30757;795;591946;1 292;923;22.12.2018
75;секреты и детали;"""мстители: война бесконечности"" - все отсылки и пасхалки | киновселенная marvel 2018";79664;3638;1462899;4 484;2205;23.08.2018
76;секреты и детали;"все пасхалки ""первому игроку приготовиться"" (часть 2)";69293;928;1334399;1 545;629;01.12.2018
77;секреты и детали;"все пасхалки ""первому игроку приготовиться"" (часть 1)";79560;1476;661187;2 974;972;23.11.2018
78;секреты и детали;скрытые детали сериала «легион/legion» | marvel fox 2018;10610;617;627873;450;494;19.04.2018
79;секреты и детали;"что показали в фильме ""лига справедливости/justice league"" | секреты и детали киновселенная dc";23049;569;636333;1 074;1241;15.03.2018
80;секреты и детали;полный разбор фильма «тор: рагнарёк/thor ragnarok” | киновселенная марвел 2018;41972;1171;491107;1 536;1473;24.02.2018
81;секреты и детали;"секреты и детали фильма ""чудо-женщина/wonder woman"" | пасхалки и отсылки dceu 2017";19423;607;439047;651;900;25.12.2017
82;секреты и детали;"секреты и детали фильма ""стражи галактики часть 2/guardians of the galaxy vol.2"" | marvel 2017";29081;891;439047;1 671;927;29.11.2017
83;секреты и детали;"секреты и детали фильма ""логан/logan | росомаха марвел 2017";27689;692;1493929;933;855;19.11.2017
84;секреты и детали;"скрытые детали ""первый мститель: противостояние"" *пасхалки и отсылки (спойлеры)";19089;609;536219;1 238;933;25.05.2016
85;секреты и детали;"секреты и скрытые детали ""пробуждения силы"" *спойлеры | факты от cut the crap tv";10483;313;97889;449;280;06.01.2016
86;секреты и детали;секреты и детали дэдпула/deadpool *пасхалки и отсылки;21063;532;669805;1 668;924;01.06.2016
87;секреты и детали;"секреты и детали фильма ""бэтмен против супермена""";18439;609;1076878;1 367;661;05.04.2016
88;секреты и детали;секреты и детали фильма варкрафт (warcraft) | пасхалки и отсылки *спойлеры;34199;1654;2099993;2 822;866;21.06.2016
89;секреты и детали;"подробный разбор ""тор 3: рагнарёк/thor 3: ragnarok"" | сцены после титров марвел 2017";33723;858;709532;2 555;909;07.11.2017
90;секреты и детали;"секреты и детали фильма ""человек-паук: возвращение домой"" | пасхалки и отсылки";46979;858;2424415;1 125;614;08.10.2017
91;секреты и детали;"секреты и детали фильма ""майор гром"" | короткометражка bubble 2017";19135;441;71553;745;535;03.03.2017
92;секреты и детали;"секреты и детали фильма ""изгой-один"" | звёздные войны истории";32997;813;827306;1 701;768;21.12.2016
93;секреты и детали;"секреты и пасхалки фильма ""фантастические твари и где они обитают"" | гарри поттер 2016";21793;506;470411;821;777;05.12.2016
94;секреты и детали;"скрытые детали фильма ""доктор стрэндж/doctor strange"" | разбор сцен после титров";52658;1115;246529;1 030;711;15.11.2016
95;секреты и детали;разбор расширенной версии бэтмен против супермена *ultimate edition;20656;682;636335;1 305;1254;13.07.2016
96;cutthecraplife;центр кейптауна | почему не стоит здесь останавливаться | что посмотреть | южная африка | юар;1062;63;22065;119;793;27.01.2020
97;cutthecraplife;чуть не сдуло самолетом! корфу, греция - как добраться, где жить, что посмотреть (влог №13);1034;13;21536;84;1272;19.03.2019
98;cutthecraplife;встретили леопарда на шри-ланке | сафари на джипе | водопад равана;801;5;11235;63;615;28.01.2019
99;cutthecraplife;сказочный новый год в грузии | встречаем 2019 большой компанией;3328;136;618870;298;1310;25.01.2019
100;cutthecraplife;шри-ланка: самый живописный путь из самого европейского города на острове | нувара элия и элла;1686;34;29350;149;1538;20.01.2019
101;cutthecraplife;гуляю под дождем в red dead redemption 2;281;17;7250;34;854;11.12.2018
102;cutthecraplife;шри-ланка (часть 2) - едем в золотой храм дамбуллы | готовим ланкийское карри;613;13;22995;75;881;07.12.2018
103;cutthecraplife;шел пешком в горы и случайно наткнулся на клад | игровой подкаст;322;30;7250;21;1447;06.12.2018
104;cutthecraplife;шри-ланка 2018 (часть 1) - как мы бесплатно поехали в путешествие | коломбо и сигирия;1472;39;57023;160;831;27.11.2018
105;cutthecraplife;греция - один из самых красивых пляжей на крите | элафониси;1341;42;46703;123;575;16.06.2018
106;cutthecraplife;играем в виртуальные ужасы с импровизацией тнт | страх и хэллоуин в белгороде;22804;476;12173;355;1037;05.11.2017
107;cutthecraplife;фотосессия на острове косумель, мексика | влог;634;12;22106;54;647;24.10.2017
108;cutthecraplife;"берлин - берлинская стена ""east side gallery"" | прогулка по каналу";691;18;11546;80;699;07.08.2017
109;cutthecraplife;берлин - бранденбургские ворота, чекпоинт чарли и берлинская стена | транспорт берлина;817;20;17534;114;1120;26.07.2017
110;cutthecraplife;"""нелегальные"" развлечения амстердама | качели над пропастью";1811;181;75008;137;851;05.06.2017
111;cutthecraplife;"мои впечатления (спойлер есть) после  фильма ""стражи галактики. часть 2""";2569;156;65598;142;261;02.05.2017
112;cutthecraplife;"зоопарк и самая старая пивоварня в праге ""u fleku""";1065;38;24354;107;989;28.04.2017
113;cutthecraplife;самая узкая улица праги, стена леннона и пиво в паровозиках;1179;25;24354;133;891;22.04.2017
114;cutthecraplife;вышеград и петршинская башня | транспорт в праге | полеты на дроне;1210;12;27382;154;763;16.04.2017
115;cutthecraplife;я, галустян, дневник хача и звёзды тнт играем в страйкбол | звёздные войны;5986;1167;1660727;335;978;27.03.2017
116;cutthecraplife;прилетели в прагу | перелет, такси и жилье;1731;77;57767;316;584;21.03.2017
117;cutthecraplife;белгород дороже дубая! | сравнение цен;2788;320;89800;610;776;20.01.2017
118;cutthecraplife;мы уезжаем из дубая обратно в россию | встреча с родителями;1879;48;89800;226;846;19.01.2017
119;cutthecraplife;почему я уволилась | куда мы уезжаем из дубая;3170;136;89800;631;329;18.01.2017
120;cutthecraplife;дубай | cоветы: что посмотреть и чем заняться - часть 1| список лучших мест;1970;110;79552;259;554;14.01.2017
121;cutthecraplife;тот самый борд;874;7;14376;83;508;13.01.2017
122;cutthecraplife;скоро домой | неделя до отъезда в россию;967;8;14577;176;857;11.01.2017
123;cutthecraplife;"мои впечатления от фильма ""кредо убийцы""";2241;235;609733;289;247;05.01.2017
124;cutthecraplife;дейра | районы дубая;1057;42;38626;157;699;18.12.2016
125;cutthecraplife;парк аттракционов в дубае | img worlds of adventure;1307;70;19494;160;766;09.12.2016
126;cutthecraplife;купил tesla model s!;2321;305;811;242;367;04.12.2016
127;cutthecraplife;финансовый центр | районы дубая;689;16;21498;115;453;02.12.2016
128;cutthecraplife;даунтаун, бурдж халифа | районы дубая;930;26;32407;127;487;19.11.2016
129;cutthecraplife;впечатления от доктора стренджа (спойлеры) и hub zero;958;21;20277;125;753;05.11.2016
130;cutthecraplife;убуд, бали | жилье, рисовые террасы, лес обезьян;795;25;34310;91;837;10.10.2016
131;cutthecraplife;на крыше небоскрёба!;836;20;154253;149;808;09.10.2016
132;cutthecraplife;первый в мире закрытый тропический лес - дерево заповедник the green planet!;494;4;12788;88;602;02.10.2016
133;cutthecraplife;боракай, филиппины часть 2 | чем заняться на острове;1097;22;5085;106;720;23.09.2016
134;cutthecraplife;центр дубая, показываю даунтаун и city walk | один день из жизни cutthecraptv;534;17;2510;85;1468;13.09.2016
135;cutthecraplife;боракай, филиппины часть 1 | пляжи и жилье | boracay, philippines part 1 | beaches and accommodation;1419;50;23704;124;646;10.09.2016
136;cutthecraplife;battlefield 1 открытая бета | геймплей от cut the crap;480;15;12788;49;962;02.09.2016
137;cutthecraplife;белгород. приквел нашего отпуска на бали.;459;16;19987;87;640;24.08.2016
138;cutthecraplife;бали, день 8-9-10 | прогулка по дну океана и кое что еще;489;6;12788;41;537;22.08.2016
139;cutthecraplife;бали, день 6 и 7. кута и окрестности | водопад и пляжи;187;6;12788;27;916;16.08.2016
140;cutthecraplife;бали, день 5. улувату | храм и пляж дримлэнд;276;6;158;12;485;15.08.2016
141;cutthecraplife;бали, день 4. кута | переезд и океан;235;2;3569;26;552;14.08.2016
142;cutthecraplife;бали, день 3. проехали весь остров | сквозь горы, леса и поля к морю.;219;4;241911;17;753;13.08.2016
143;cutthecraplife;бали, день 2. убуд и окрестности | рисовые террасы, поля и мотороллеры;249;6;3609;29;603;12.08.2016
144;cutthecraplife;бали, день 1. убуд | перелет и обезьяний лес;410;7;12788;38;883;11.08.2016
145;cutthecraplife;отвечаем на ваши вопросы за обедом #1;1198;15;12788;150;1692;23.07.2016
146;cutthecraplife;автомобили и дороги дубая | трёп от cutthecrap;779;15;78418;79;1097;18.07.2016
147;cutthecraplife;история нашего переезда в дубай | расходы и зарплата в оаэ;5665;125;27662;500;1283;16.07.2016
148;cutthecraplife;тизер боракай, филиппины | boracay, philippines;1150;29;84274;136;218;09.07.2016
149;cutthecraplife;шри ланка | 4 дня на острове |;1719;37;22433;281;865;02.07.2016
150;cutthecraplife;пятничный завтрак и прогулка по дубай марине | один день из жизни cut the crap;598;6;14662;94;627;28.06.2016
151;cutthecraplife;большая конфета ferrero rocher | распаковка;871;31;8707;71;182;25.06.2016
152;cutthecraplife;дубай, парк хайатт (hyatt) | один день из жизни cut the crap;339;10;22972087;32;252;24.06.2016
153;cutthecraplife;прогулка к пляжу | один день из жизни cut the crap;462;6;12788;90;334;23.06.2016
154;cutthecraplife;съемки рекламы в пустыне | один день из жизни cut the crap;862;9;19987;180;683;18.06.2016
155;cutthecraplife;тизер шри ланка - наш мини тур;920;8;4602;93;202;29.05.2016
156;cutthecraplife;микрофон приехал! | cut the crap life;627;7;353877;83;178;20.05.2016
157;теории;джа джа бинкс ситх, самая безумная теория звёздные войны;93974;3251;70409;6 246;564;11.01.2016
158;теории;кто на самом деле джокер?! *теория;88032;3153;1804354;3 781;742;21.07.2016
159;теории;бэн аффлек не бэтмен?! (теория);35455;5600;3454245;4 738;1049;23.02.2016
160;теории;мейс винду - сноук | безумная теория о звёздных войнах;127994;3948;1271735;8 010;834;28.09.2016
161;теории;тайный злодей киновселенной marvel | безумная теория марвел;57114;1733;1039927;2 343;757;02.02.2017
162;теории;доктор стрендж все знал | тайная сила камня времени | теория киновселенной марвел 2018;58024;1884;1462900;2 493;926;12.07.2018
163;теории;нео не избранный *теория о матрице;59975;2949;2185503;4 232;779;29.04.2016
164;теории;тайна раскрыта! | звездные войны теория 2018;57848;2292;929517;3 689;1159;09.01.2018
165;теории;темная сторона рэй | теория;64390;2186;1039927;4 692;750;20.10.2016
166;теории;как мстители одолеют таноса в войне бесконечности/avengers: infinity war | теории марвел 2017 4k;51914;1662;32050;3 562;1389;25.07.2017
167;теории;неужели старк умрет в конце третьей фазы?;25259;3291;1076879;3 012;1061;26.06.2016
168;теории;тайна бойцовского клуба раскрыта! | безумная теория третьей личности;79097;3980;554083;3 742;908;07.06.2017
169;теории;рей кеноби | безумная теория звёздных войн пробуждение силы;51145;1232;827307;4 304;932;18.01.2017
170;теории;"финн - джедай?! (правда о fn-2187) | теория фильма ""звёздные войны пробуждение силы""";42506;1037;1649598;2 101;782;10.11.2016
171;теории;тайна камней | киновселенная марвел 2018;44822;1788;1541072;2 095;1003;25.08.2017
172;теории;джокер не сумасшедший, а совсем наоборот | теория сверхинтеллекта dc;86926;3539;3111200;3 630;820;28.09.2017
173;теории;почему капитан америка агент гидры *теория (подтвердилась);17903;531;1076879;1 428;422;03.06.2016
174;теории;"супермен станет злым в ""лиге справедливости/justice league"" | теория черного костюма dceu 2017";32341;886;592286;970;844;17.09.2017
175;теории;теория pixar (пиксар) *тайная связь мультфильмов | факты от cut the crap tv;44382;1370;1447904;2 469;782;04.02.2016
176;теории;мир дикого запада - теория | арнольд, лабиринт, уиллиам, человек в чёрном;26866;957;20277;1 707;1030;24.11.2016
177;теории;тайное камео человека-паука *теория подтверждена 2017;11469;725;111213;575;202;01.04.2016
178;теории;тайна бойцовского клуба часть 2;44474;1832;533713;1 295;790;19.06.2018
179;теории;скрытый смысл фильма сияние стэнли кубрика | безумная теория;33889;1571;468059;1 819;1279;11.11.2019
180;теории;шутка джокера, которую вы могли не понять | теория зазеркалья;48256;2266;750369;2 064;1062;11.12.2019
181;теории;"забытое искусство кино | главный секрет фильма ""терминатор 2: судный день""";27395;1767;217777;2 454;1823;19.11.2020
182;теории;две ванды в сериале вандавижн (теория подтвердилась);24663;1222;609902;2 200;1248;10.02.2021
183;моя реакция;"моя реакция на тизер-трейлер ""звездные войны: изгой один"" *первый эскадрон";3574;147;3067682;264;231;08.04.2016
184;моя реакция;"реакция на второй трейлер ""люди икс: апокалипсис""";2087;155;10183213;156;240;17.03.2016
185;моя реакция;реакция на трейлер первый мститель: противостояние *гражданка | разное от cut the crap tv;6099;413;1893840;435;330;10.03.2016
186;моя реакция;"моя реакция на трейлер ""охотниц за привидениями"" *впечатления | разное от cut the crap tv";2133;230;800486;223;307;05.03.2016
187;моя реакция;"моя реакция на финальный трейлер фильма ""бэтмен против супермена"" | разное от cut the crap tv";1946;140;800486;209;249;12.02.2016
188;моя реакция;"моя реакция на трейлер ""доктор стрендж""";2981;356;800486;156;214;13.04.2016
189;моя реакция;"моя реакция на трейлер режиссерской версии ""бэтмен против супермена""";6181;308;641536;372;617;04.06.2016
190;моя реакция;моя реакция на трейлеры с comic-con 2016 *лига справедливости, чудо-женщина, др. стрендж;7319;658;1080426;411;623;25.07.2016
191;моя реакция;"первый просмотр трейлера «мстители 3: война бесконечности/avengers infinity war"" | marvel 2018";28465;2110;464483;2 471;375;02.12.2017
192;моя реакция;"первый просмотр трейлера ""веном/venom"" | марвел 2018";23289;1972;487978;1 139;349;24.04.2018
193;моя реакция;"первый просмотр трейлера ""мстители: война бесконечности/avengers: infinity war"" | марвел 2018";24032;1826;241028;1 164;273;16.03.2018
194;моя реакция;"первый просмотр трейлера ""капитан марвел/captain marvel"" | котокраб смотрит";18532;1310;329629;1 124;319;18.09.2018
195;моя реакция;"впечатления от трейлера ""мстители: финал"" | первый просмотр";23289;2947;562874;3 275;500;17.03.2019
196;моя реакция;трейлер черной вдовы в сети | первый просмотр;19651;1197;238275;1 128;298;03.12.2019
197;моя реакция;трейлер бэтмена, отряд самоубийц 2, снайдеркат, чудо-женщина 1984 | смотрим dc fandome вместе!;27619;846;724494;1 440;1172;23.08.2020
198;моя реакция;смотрю второй трейлер снайдерката с трекером зрачков (реакция);10781;947;1041340;540;232;14.02.2021
199;честные мнения;"честное мнение на ""звёздные войны: пробуждение силы"" *осторожно спойлеры! | обзор от cut the crap tv";3144;511;276944;421;456;26.12.2015
200;честные мнения;что не так с пробуждением силы (спойлеры) *минусы | мнение от cut the crap tv;5311;260;70409;559;606;11.02.2016
201;честные мнения;"моё мнение о фильме ""фантастические твари и где они обитают/fantastic beasts and where to find them""";9081;954;470412;542;752;30.11.2016
202;честные мнения;"мое мнение о фильме ""чужой: завет/alien covenant"" | прометей 2 2017";23758;1202;450537;1 502;603;31.05.2017
203;честные мнения;"мое мнение о фильме ""человек-паук: возвращение домой/spider-man homecoming""";20649;1177;200093;1 476;680;11.07.2017
204;честные мнения;моё мнение о фильме доктор стрэндж/doctor strange (спойлеры) | marvel/марвел;13000;650;20277;1 080;881;08.11.2016
205;честные мнения;"мое мнение о фильме ""отряд самоубийц/suicide squad""";11335;1862;1804354;1 171;943;22.08.2016
206;честные мнения;"мое мнение о фильме ""варкрафт/warcraft""";10808;520;1706449;836;525;30.05.2016
207;честные мнения;"мое мнение о фильме ""люди икс: апокалипсис"" *без спойлеров";8332;430;2128518;516;402;28.05.2016
208;честные мнения;"мое мнение о фильме ""первый мститель: противостояние"" *без спойлеров";8387;388;1076879;765;969;12.05.2016
209;честные мнения;"мое честное мнение о фильме ""бэтмен против супермена"" *спойлеры";11701;901;641536;1 244;575;28.03.2016
210;честные мнения;"котокраб о ""тор 3: рагнарёк/thor: ragnarok"" | мнение о фильме марвел 2017";21813;987;1107123;1 874;628;03.11.2017
211;честные мнения;"котокраб о ""лиге справедливости/justice league"" | честное мнение и разбор фильма dc 2017";22482;1671;398020;1 753;1035;21.11.2017
212;честные мнения;"котокраб о фильме ""звёздные войны эпизод 8: последние джедаи/star wars episode 8: the last jedi""";33855;2740;1493930;4 128;1144;18.12.2017
213;честные мнения;мнение о первому игроку приготовиться от котокраба | стивен спилберг 2018;27120;848;487498;1 267;639;22.03.2018
214;честные мнения;"""мстители: война бесконечности"" мнение котокраба | marvel 2018";40949;1505;487498;2 656;759;01.05.2018
215;честные мнения;котокраб о капитане марвел спойлеры | отзыв о фильме;30910;3628;562874;5 061;1232;14.03.2019
216;честные мнения;"котокраб о фильме ""шазам!"" | разбор сцен после титров";18893;4949;1004700;2 209;834;09.04.2019
217;честные мнения;каким получился сиквел человека-паука?;35990;2053;1201454;2 186;844;10.07.2019
218;честные мнения;гениален ли джокер? (спойлеры);37222;1907;518145;2 541;613;13.10.2019
219;честные мнения;почему терминатор 6 так ужасен?;25259;1773;241906;1 858;1010;08.11.2019
220;честные мнения;довод: мнение без спойлеров, вопросы без ответа, скрытый смысл (квадрат sator, сумеречный мир и тд);19606;1417;377049;2 108;2294;15.09.2020
221;новости недели;оценки снайдерката // таймлайн мортал комбата // еще три игры престолов // оскар | новости кино 03_3;15883;428;801598;1 058;1531;20.03.2021
222;новости недели;фильм о джонни кейдже // трансгендеры в поттериане // люди-икс сменят название | новости кино (03_2);18798;409;241906;1 003;1785;12.03.2021
223;новости недели;"тизер ""человек-паук 3"" // черный супермен // фильм mass effect // район №10 | новости кино 03_1";24742;513;801598;1 386;1315;02.03.2021
224;новости недели;трейлер мортал комбат // снайдеркат // сериал константин и актеры the last of us | новости кино 02/3;20414;624;362242;2 228;1459;22.02.2021
225;новости недели;новые трансформеры // x-files от marvel // тор сменил имидж // утечка по гта 6 | новости (№101);21507;456;350835;829;1243;13.02.2021
226;новости недели;сериал по гарри поттеру // сюжет отряда самоубийц // исчезновение человека-паука | новости кино №100;37645;583;347590;1 284;1432;07.02.2021
227;новости недели;тизер мортал комбат // киновселенная индианы джонс // злодей лунного рыцаря // новости кино №2-21;25236;885;362242;1 915;1668;22.01.2021
228;новости недели;джокер не злодей // человек-паук главный мститель // пасхалка тенета и другие новости кино (12/4);21344;614;609966;999;1386;29.12.2020
229;новости недели;веном и тор 4 // новые анонсы марвел // еще два злодея человека-паука 3 и другие новости кино (12/3);24131;581;242745;1 053;1310;18.12.2020
230;новости недели;дисней сошел с ума! безумное количество анонсов marvel, звездные войны, пиксар | новости кино (12/2);28628;761;609966;1 626;1583;12.12.2020
231;новости недели;октавиус вернется // новый гриндевальд // юные мстители //мортал комбат скоро | новости кино (12/1);24098;755;802223;1 234;1280;04.12.2020
232;новости недели;cекретный тизер гта 6 // новый silent hill и metal gear solid // новые игры месяца | игро_новости №3;15869;761;1442279;757;1680;29.11.2020
233;новости недели;тор 4 это мстители // матрицу запретят // дэдпул 3 // новый джокер и другие новости кино (11/3);29996;771;518782;1 208;1423;25.11.2020
234;новости недели;новый доктор стрэндж // спин-офф мандалорца // cекрет черной вдовы и другие новости кино (2/11);19286;526;261194;682;1226;14.11.2020
235;новости недели;коронавирус и человек паук, новый гриндевальд, сюжет отряда самоубийц, тор 4 | новости кино (1/11);23903;532;242745;1 241;1655;09.11.2020
236;новости недели;among us в vr, перенос cyberpunk, обзоры xbox и ps5, бесплатные игры | игровые новости 2 (1/11);19156;547;737974;654;1245;03.11.2020
237;новости недели;мутанты среди мстителей, человек-паук 3, возвращение джокера, детали uncharted (новости кино 10/3);26997;641;518782;1 367;1623;27.10.2020
238;новости недели;ассассины в watch dogs, сюжет miles morales, интерфейс ps5, транспорт киберпанка | игровые новости 1;17810;685;194798;847;933;20.10.2020
239;новости недели;матрица 4 перевернет кино, декстер возвращается, хобгоблин и человек-паук 3 | новости кино (окт 2);30954;1067;232574;1 250;1555;16.10.2020
240;новости недели;электро вернется, трейлер борат 2, второй сериал resident evil и другие новости кино (01/10);19568;507;1064992;747;1228;04.10.2020
241;новости недели;cериал миротворец от ганна, детали матрицы 4, разбор вандавижн + мнение о mafia |новости кино (09/4);18108;639;802753;935;1802;25.09.2020
242;новости недели;хагрид в фантастических тварях 3, правила оскара, мандалорец 2, чужой 5 и другие новости кино (093);21318;2161;325583;2 344;1749;19.09.2020
243;новости недели;новый бонд, новый дешёвый xbox, выход мандалорца 2, запрет мулана и другие новости кино (09/2);21216;421;243655;795;1358;09.09.2020
244;новости недели;сериал resident evil, ковид у бэтмена, черная пантера 2, netflix на русском | новости кино 091;23085;870;325296;1 099;1390;05.09.2020
245;новости недели;будущее киновселенной dc угрожает marvel? | полный разбор анонсов dc fandome 2020;22003;393;402004;1 143;1532;26.08.2020
246;новости недели;трейлер бэтмена, отряд самоубийц 2, снайдеркат, чудо-женщина 1984 | смотрим dc fandome вместе!;27619;846;724538;1 440;1172;23.08.2020
247;новости недели;борат 2, конфликт apple и epic, детали dc fandome и другие новости кино (08/4);15436;485;802753;713;1363;22.08.2020
248;новости недели;человек-паук 3: тоска по дому, топ-5 актеров forbes, стартрек тарантино, трон 3 | новости кино 08/3;18798;1397;802753;2 300;1223;14.08.2020
249;новости недели;мандалорец 2, трансгендерная матрица, код тенета, дэдпул и новые мутанты | новости кино 08/2;21639;731;351073;1 232;1417;11.08.2020
250;новости недели;депп против маска, тайна вечных от марвел, оружие кинг конга и другие новости кино и игр 08/№1;23086;486;337602;825;1415;01.08.2020
251;новости недели;дарт вейдер вернется, киновселенная братьев руссо, константин 2, геймплей mafia | новости кино 074;23017;815;802753;1 258;1201;22.07.2020
252;новости недели;проект сила, сериал про готэм, far cry 6, бракованная партия звездных войн | новости кино (июль_3);21223;838;393470;1 292;1327;17.07.2020
253;новости недели;гарри поттер в марвел, сериал fallout от нолана, бэтмен будущего и другие новости кино (июль_2);25922;1427;337602;1 647;1344;09.07.2020
254;новости недели;сокол против марвел, сериал fallout, дэдпул 3 и другие новости кино (июль_1);25279;1070;10578;1 705;1498;03.07.2020
255;новости недели;новая капитанша пиратов, еще один бэтмен, чужой 5 перепишет историю и другие новости кино (июнь_5);23948;799;393470;1 189;1366;28.06.2020
256;новости недели;тайна снайдерката, новый тони старк, конец стражей галактики и другие новости кино (июн_4);23722;751;2281525;817;1045;18.06.2020
257;новости недели;еще один джокер, разбор анонса playstation 5, взрослый майлз моралес и другие новости кино (июнь_3);30752;699;1580586;1 230;1629;13.06.2020
258;новости недели;новый росомаха, ртуть не мутант, дэдпул талисман и другие новости кино (июнь_2);26544;1417;1580586;1 858;886;08.06.2020
259;новости недели;бунты в сша, первый мутант в квм, гладиатор 2 и другие новости недели от cut the crap (июнь 1);23608;650;359760;873;1083;02.06.2020
260;новости недели;пингвин не злодей, новый сорвиголова в квм, детали довода и другие новости кино (май_5);22641;575;365792;1 411;907;29.05.2020
261;новости недели;анонс снайдерката, изменения тенета, детали аватара 2, намеки на гта6 и другие новости кино (май 4);24620;748;359760;915;1259;25.05.2020
262;новости недели;взрослый человек-паук, новый мандалорец, комик-кон в онлайне и другие новости кино (май_3);25330;672;341893;987;1420;19.05.2020
263;новости недели;новый дэдпул, мстители 5, том круз в космосе и другие новости кино (май_2);26648;708;470437;1 348;1241;13.05.2020
264;новости недели;веном 2: да будет карнаж, киновселенная сони, видеозапись нло и другие новости поп-культуры (май_1);26232;901;397484;1 431;1330;03.05.2020
265;новости недели;тизер веном 2 отменен, кадры дюны, новый танос в квм и другие новости поп культуры (апрель_3);24417;636;751244;1 648;1062;21.04.2020
266;новости недели;пасхалка стражей галактики, playstation 5, новые злодеи марвел | новости поп культуры (апр_2);26411;603;751244;859;1416;14.04.2020
267;новости недели;тизер нового венома, злодеи черного адама, главный герой gta 6 и другие новости поп культуры (апр_1);39342;1441;141353;1 240;1272;02.04.2020
268;новости недели;инсайд отряда самоубийц 2, новый альфа-грут, еще один человек-паук и другие новости кино | март_2;19121;652;219126;1 145;1169;21.03.2020
269;новости недели;джек воробей возвращается, костюм женщины-кошки, маска бэтмена, трейлер гта 6 | гик-новости (март_1);28319;705;520011;1 091;1072;09.03.2020
270;новости недели;анонс новых звездных войн, еще один капитан америка, фильм borderlands и другие новости кино (фев_3);24086;1121;409646;1 619;1000;26.02.2020
271;новости недели;новый бэтмен, слив морбиуса, ведьмак в марвел, нео в отставке и другие новости кино | фев_2;23785;570;805172;925;1005;20.02.2020
272;новости недели;победители оскара, разборы тизеров марвел, новые трансформеры и черный паук | новости кино (фев_1);25996;1140;478596;1 716;1619;10.02.2020
273;новости недели;новый учитель палпатина, слияние марвел, оскар 2020 и другие новости кино и видеоигр (янв_2);26001;759;449728;1 280;1541;27.01.2020
274;новости недели;новый гарри поттер, фото бэтмена, довод и другие новости кино (январь №1);43752;1458;449728;3 123;1301;11.01.2020
275;новости недели;новый бэйн, хабиб в марвел, инсайды от warner и другие гик-новости (дек_2) | кино, видеоигры;24277;759;393294;1 310;1312;14.12.2019
276;новости недели;новый костюм бэтмена, важные злодеи марвел, ориджин ракеты | новости кино (дек_1);26509;679;804058;849;1125;04.12.2019
277;новости недели;новые детали мстителей, железный человек возвращается, новый проект кодзимы | новости кино (ноя №3);21945;738;199593;994;1295;25.11.2019
278;новости недели;новый железный паук, вырезанный сюжет мстителей, детали джокера и другие новости кино (ноя_2);21847;567;396015;674;1069;14.11.2019
279;новости недели;новые пираты, веном в квм, провал терминатора | новости кино (ноябрь 1);25364;627;300775;1 227;1282;05.11.2019
280;новости недели;новый симбиот в веном 2, отряд самоубийц 2, афера диснея | новости кино (окт_3);22871;604;804058;777;910;21.10.2019
281;новости недели;новая женщина-кошка, веном и человек-паук, джокер 2, матрица 4 и другие новости кино (окт_2);25468;646;804058;935;1032;14.10.2019
282;новости недели;две новые матрицы, рекорд джокера, возвращение человека-паука и другие новости кино (октябрь №1);31500;1025;266179;1 645;1376;08.10.2019
283;новости недели;новый взгляд на старых героев - магнето и харви дент афроамериканцы?| новости кино (август);25766;962;503030;1 378;1518;12.08.2019
284;новости недели;четвёртая фаза киновселенной марвел | все детали анонсов комик-кона;43844;1950;1541072;3 939;1560;29.07.2019
285;новости недели;новые анонсы марвел, терминатор 6, новый росомаха и фаталити в мортал комбате! новости кино (июль);29750;1144;564170;1 918;1489;21.07.2019
286;новости недели;матрица возвращается, злодей черной вдовы, отличия мстителей и другие новости кино (июнь);28604;1238;487597;1 376;1567;30.06.2019
287;новости недели;твердо-жидкий терминатор, возвращение земо, рэмбо 5 и другие новости кино (май-июнь);32634;1547;647104;1 885;1645;04.06.2019
288;новости недели;новый железный человек, слияние disney и fox, четвертая фаза квм и другие новости кино (май);34957;1055;979339;1 786;1254;20.05.2019
289;новости недели;будущее мстителей, мистерио и паук, сюжет бонда 25 и другие новости кино (апрель_4);26534;926;3175392;1 112;814;30.04.2019
290;новости недели;тайна ника фьюри, слив мстителей, скрытый злодей форсажа и другие новости кино (апрель_3);23000;473;413579;970;924;23.04.2019
291;новости недели;шазам 2, фильм нолана, грут в аватаре, star wars celebration и другие новости кино (апрель_2);20443;2546;245029;1 275;935;16.04.2019
292;новости недели;старк из будущего, джокер из прошлого, гейркулес от марвел и другие новости кино (апрель) | 4k;33083;1219;43060;1 503;1089;04.04.2019
293;новости недели;заговор марвел, возвращение ганна, шедевр от тарантино, странные дела 3 | новости кино (март_3);27145;850;423806;1 363;1101;21.03.2019
294;новости недели;новый блэйд, сборы капитана марвел, шазам, состав отряда самоубийц и другие новости кино (март_2);36822;1476;650953;2 614;1108;12.03.2019
295;новости недели;бри уничтожает марвел, смех нового джокера, перенос мстителей и другие новости кино (март_1);61141;2721;908994;7 093;1289;04.03.2019
296;новости недели;расизм и оскар, новый бонд, съемки хищных птиц и другие новости кино (фев_4);26547;1158;33808;1 451;1111;26.02.2019
297;новости недели;мрачное сердце, терминатор 6, трейлер мстители 4/звездные войны эпизод 9 | новости кино (фев_3);24745;694;245973;1 269;1146;19.02.2019
298;новости недели;пасхалки сайта капитан марвел, еще один росомаха, детали мстители 4, аладдин | новости кино (фев_2);29506;636;754430;975;972;12.02.2019
299;новости недели;новый мститель, отряд самоубийц 2, уход аффлека, возвращение зака снайдера | новости кино (фев_1);24085;487;650953;1 130;1079;05.02.2019
300;новости недели;другой дэдпул, охотники 3, злодей пикачу, новый фильм нолана и другие новости кино (янв_4);27467;1019;245973;1 984;1216;29.01.2019
301;новости недели;спаситель тони старка, злодеи шазама, силы капитана марвел | новости кино (янв_2);27387;821;1004700;1 141;992;15.01.2019
302;новости недели;новый хищник и чужой, люди икс в киновселенной марвел, джек блэк vs pewdiepie | новости кино (янв_1);23937;840;601438;914;708;08.01.2019
303;новости недели;отец дарта вейдера, новые люди в черном, теория джокера и другие новости кино (дек_4);29928;1472;246826;1 665;1005;24.12.2018
304;новости недели;второй тони старк, сюжет человека-паука 2, сиквел венома и другие новости кино (дек_3);31198;876;246826;908;1007;18.12.2018
305;новости недели;удаленная сцена из венома, злодеи сиквела человека-паука, джокер и все новости кино (дек_2);33367;1627;774779;2 216;986;12.12.2018
306;новости недели;трейлер мстители 4, приквел венома, закрытие сорвиголовы и конкурс! | новости недели (декабрь 1);35885;1012;382415;7 232;870;04.12.2018
307;новости недели;новый пират, сериал о стражах, король лев, киану ривз в истории игрушек | новости недели (ноябрь 4);27730;563;382415;1 028;671;26.11.2018
308;новости недели;новый герой марвел, детектив пикачу, шерлок холмс 3 и другие новости кино (ноябрь №3);31192;946;246826;944;867;19.11.2018
309;новости недели;продолжение во все тяжкие, новый шрек, детский дэдпул, карнаж в bluray версии | новости ноябрь №2;21734;537;263167;850;700;12.11.2018
310;новости недели;трейлер мстители 4, ведьмак в парике, сериал о зимнем солдате, азор ахай | новости (ноябрь 1);28744;1103;525845;1 394;762;05.11.2018
311;новости недели;новый капитан америки, джек воробей не пират, пеппер поттс супергерой | новости недели (октябрь 5);25785;686;454474;1 052;777;29.10.2018
312;новости недели;мертвый джокер, любовь питера и эмджей, аффлек уходит из dc | новости недели (октябрь 4);24299;427;615720;839;1066;23.10.2018
313;новости недели;квантовые костюмы, мстители 4: аннигиляция, ганн ушел в dc | новости недели от котокраба (октябрь 3);27915;637;600700;997;1172;14.10.2018
314;новости недели;квантовый город, смерть капитана америки, джокер, алита - тест аватара | новости недели (октябрь №2);32015;804;246826;1 293;1210;07.10.2018
315;новости недели;еще один джокер, смерть мутанта, новый паук и супербонд | новости недели от котокраба (октябрь #1);27476;689;246826;1 043;1074;01.10.2018
316;новости недели;настоящее имя джокера, дэдпул в мстителях и новая цири | новости недели от котокраба (сентябрь #4);32086;859;325834;1 333;1005;23.09.2018
317;новости недели;новый джокер, трейлер капитан марвел и черный супермен | новости недели от котокраба (сентябрь №3);36044;1478;735189;1 653;716;16.09.2018
318;новости недели;первые скруллы, капитан марвел и новый ведьмак от netflix | новости второй недели сентября;37449;672;270744;1 226;543;09.09.2018
319;новости недели;аффлек не бэтмен, геймплей cyberpunk 2077, eminem и веном | еженедельные новости (сент. №1);23504;930;805092;716;601;02.09.2018
320;новости недели;название новых мстителей, костюмы паука и кое-что еще | новостной digest от cut the crap;30809;1495;446937;1 107;383;27.08.2018
321;новости недели;веном в киновселенной марвел? мстители4 и другие новости кино от котокраба;34132;819;316453;1 365;718;14.01.2018
322;новости недели;"новости и реакция на трейлер русского фильма ""викинг""";11046;390;805752;713;556;21.09.2016
323;новости недели;weekly digest #1 (ноябрь) | cut the crap tv;239;5;7314;14;261;09.11.2015
324;разное;самый честный трейлер фильма терминатор: генезис;343;86;376400;15;104;13.09.2015
325;разное;трейлер пробуждения силы из предыдущих эпизодов | cut the crap tv;359;16;12174;12;151;12.11.2015
326;разное;"я посмотрел ""звёздные войны эпизод vii: пробуждение силы"" *без спойлеров | мемуары от cutthecraptv";433;38;70409;59;151;19.12.2015
327;разное;"кайло рен в шоу snl ""боссы под прикрытием - база старкиллер"" *перевод | разное от cut the crap tv";2541;39;247626;0;0;17.01.2016
328;разное;реклама heavy bubbles с нашей озвучкой;1741;105;805752;63;72;01.04.2016
329;разное;эволюция джокера в кино | cut the crap | vokavoka;1854;115;750375;115;486;31.10.2019
330;разное;"cложный юмор рики джервейса | все отсылки вступительной речи на церемонии ""золотой глобус 2020""";37565;1310;438690;1 963;1086;21.01.2020
331;разное;диснеевские пасхалки в фильмах киновселенной марвел;23400;839;319240;1 318;862;31.03.2020
332;разное;мифы марвел, в которые мы верим | супергеройские заблуждения;31681;1222;3175409;814;890;30.06.2020
333;разное;будущее киновселенной dc угрожает marvel? | полный разбор анонсов dc fandome 2020;22003;393;402007;1 143;1532;26.08.2020
334;разное;почему блокбастеры так популярны? | как твой мозг смотрит кино;27488;723;491196;1 498;1089;12.11.2020
335;разное;новинки 2021 года (кино, сериалы и видеоигры);26926;621;355904;1 419;1183;18.01.2021
336;разное;теория гипноза подтвердилась (серия 6) | вандавижн;19994;771;208882;1 790;1069;17.02.2021
337;пересказы (истории серий);"киновселенная шьямалана | хронология фильмов ""неуязвимый"" и ""сплит""";38270;429;806495;960;466;27.10.2018
338;пересказы (истории серий);"киновселенная ""трансформеры/transformers"" | хронология событий до 2017";26931;622;554083;1 011;920;20.06.2017
339;пересказы (истории серий);киновселенная dceu от начала и до лиги справедливости | пересказ фильмов dc;20413;632;449076;692;828;16.11.2017
340;пересказы (истории серий);киновселенная хищников | пересказ событий фильмов до 2018;43067;699;248724;1 250;862;13.09.2018
341;пересказы (истории серий);"все фильмы ""парк юрского периода"" за 10 минут | пересказ событий до ""мир юрского периода 2"" 2018";20666;345;806495;678;730;05.06.2018
342;пересказы (истории серий);все звездные войны за 20 минут;39854;1039;1493932;1 703;1218;14.12.2017
343;пересказы (истории серий);"хронология киновселенной марвел/marvel | пересказ квм до ""мстители: война бесконечности"" 2018";69435;1254;603965;3 532;1284;26.04.2018
344;пересказы (истории серий);киновселенная пираты карибского моря | хронология событий до 2017;38217;557;262130;906;725;24.05.2017
345;пересказы (истории серий);"киновселенная чужих/aliens | пересказ серии ""чужой"" в хронологическом порядке";61818;676;248724;1 525;605;16.05.2017
346;пересказы (истории серий);история киновселенной марвел / marvel *mcu;25145;638;1362376;2 089;788;12.04.2016
347;пересказы (истории серий);звездные войны - полная история саги за 30 минут | пересказ от cut the crap tv;14110;450;979337;719;1759;15.12.2015
348;пересказы (истории серий);"краткая история саги ""звёздные войны"" за 5 минут | пересказ от cut the crap tv";1659;33;276944;62;328;18.12.2015
349;пересказы (истории серий);полная история серии assassins creed за 5 минут | пересказ от cut the crap tv;4797;171;723089;201;418;22.09.2015
350;пересказы (истории серий);полная история всех частей metal gear всего за 10 минут | пересказ от cut the crap tv;1717;236;543964;157;683;08.09.2015
351;пересказы (истории серий);пересказ игры престолов (1-7 сезоны);28654;1003;398678;1 098;868;10.04.2019
352;пересказы (истории серий);"полная история людей-икс/x-men до фильма ""люди-икс: тёмный феникс""";91112;2317;2128646;3 484;1648;07.06.2019
353;пересказы (истории серий);полная история людей в черном/men in black до «люди в чёрном: интернэшнл»;30732;800;444320;969;619;14.06.2019
354;пересказы (истории серий);вся история игрушек в хронологическом порядке до 2019 года;18426;405;317032;632;944;21.06.2019
355;пересказы (истории серий);"терминатор: хронология | пересказ событий до ""терминатор: темные судьбы""";15557;632;300777;878;604;27.10.2019
356;пересказы (истории серий);"киновселенная звёздные войны | полная хронология фильмов до ""скайуокер. восход"" 2019";44058;976;2128646;1 628;1714;23.11.2019
357;пересказы (истории серий);вселенная hаlf life (?) | пересказ всей истории гордона фримена;72654;1324;282807;2 951;2402;22.03.2020
358;пересказы (истории серий);хронология серии portal (?) | пересказ истории aperture science;22236;413;309378;794;601;06.04.2020
359;пересказы (истории серий);объяснение сюжета half-life: alyx за 15 минут;32985;493;470454;1 064;924;25.04.2020
360;пересказы (истории серий);полный разбор вселенной киберпанк 2077 | что показали в трейлере cyberpunk 2077;62740;1187;737982;1 970;2514;28.07.2020
361;пересказы (истории серий);обязательно посмотри это перед снайдеркатом // полная хронология киновселенной dc;42163;1008;807098;2 412;1078;17.03.2021
362;факты, которые вы не знали (наверное);топ невероятных актёрских трансформаций;3241;36;140466;230;530;19.01.2016
363;факты, которые вы не знали (наверное);"секреты и скрытые детали ""пробуждения силы"" *спойлеры | факты от cut the crap tv";10483;313;97890;449;280;06.01.2016
364;факты, которые вы не знали (наверное);как халтурят в современных блокбастерах | ляпы от cut the crap tv;8341;390;289996;176;343;23.11.2015
365;факты, которые вы не знали (наверное);теория вселенной тарантино;9343;158;289996;235;409;17.11.2015
366;факты, которые вы не знали (наверное);"едва заметные ляпы в серии ""звездные войны"" | ляпы от cut the crap tv";7488;151;207076;198;413;02.11.2015
367;факты, которые вы не знали (наверное);первые фильмы знаменитых актеров | факты от cut the crap tv;2688;51;115587;225;428;29.10.2015
368;факты, которые вы не знали (наверное);крутые альтернативные концовки, которые вы не видели (часть 2) | факты от cut the crap tv;3514;81;231942;88;627;20.10.2015
369;факты, которые вы не знали (наверное);крутые альтернативные концовки, которые вы не видели (часть 1) | факты от cut the crap tv;2948;71;170140;53;277;13.10.2015
370;факты, которые вы не знали (наверное);очевидные ляпы, попавшие в фильм | cut the crap tv;9780;544;552625;134;407;06.10.2015
371;факты, которые вы не знали (наверное);актерские ляпы, попавшие в фильм | cut the crap tv;3883;73;196174;81;307;28.09.2015
372;факты, которые вы не знали (наверное);"факты, которые вы не знали о фильме ""безумный макс"" (наверное) | cut the crap tv";2454;82;2349423;41;330;11.06.2015
373;что показали в трейлере;трейлер нас обманул, это не саб-зиро! чпвт мортал комбат/mortal kombat 2021 // теория;51792;1593;1041864;4 059;1616;07.03.2021
374;что показали в трейлере;чпвт сокол и зимний содат | киновселенная марвел 2021;20734;389;306207;1 001;1460;27.02.2021
375;что показали в трейлере;"что показали в трейлере ""локи/loki"" | рик и морти, теория обратной мультивселенной, встреча с кэпом";32465;713;724642;1 442;2005;24.12.2020
376;что показали в трейлере;что показали в трейлере дюна 2021 | введение в историю, отличия от версии линча, покадровый анализ;33444;787;535573;1 679;2094;01.11.2020
377;что показали в трейлере;что показали в трейлере бэтмен | загадочник не злодей? самый детальный разбор тизера batman;42292;1014;1070462;1 656;1894;13.09.2020
378;что показали в трейлере;что показали в трейлере снайдеркат | разбор всех отличий режиссерской версии лиги справедливости;58064;1982;14537;1 589;1765;02.09.2020
379;что показали в трейлере;полный разбор вселенной киберпанк 2077 | что показали в трейлере cyberpunk 2077;62740;1187;737983;1 970;2514;28.07.2020
380;что показали в трейлере;"что показали в трейлере ""форсаж 9: вселенная форсаж"" | покадровый разбор ""f9 the fast saga""";49920;2105;1093792;3 221;1306;22.02.2020
381;что показали в трейлере;"что показали в трейлере ""морбиус/morbius"" | киновселенная марвел 2020";38324;1161;1107157;1 231;1482;31.01.2020
382;что показали в трейлере;"что показали в трейлере ""чудо-женщина 1984/wonder woman 84"" | как вернулся стив?";22119;549;382425;1 227;1414;18.12.2019
383;что показали в трейлере;"что показали в трейлере ""half-life: alyx"" (?) | революция от valve";38076;1246;783235;1 605;1430;27.11.2019
384;что показали в трейлере;"что показали в трейлере ""соник в кино/sonic:the hedgehog"" | теория путешествий во времени";31272;798;251353;1 706;1367;21.11.2019
385;что показали в трейлере;"что показали в трейлере 2 ""человек-паук: вдали от дома/spider-man far from home"" + тв-споты";37444;1303;968489;1 978;1524;28.05.2019
386;что показали в трейлере;"что показали в трейлере ""звездные войны: скайуокер. восход"" | эпизод 9 the rise of skywalker";37539;2066;701732;2 231;1487;26.04.2019
387;что показали в трейлере;"что показали в трейлере ""джокер/joker"" | покадровый разбор";38198;1728;369350;2 039;1628;12.04.2019
388;что показали в трейлере;"что показали в трейлере ""люди в черном: интернэшнл/men in black international""";24797;800;706595;1 107;1052;15.02.2019
389;что показали в трейлере;"что показали в новом трейлере ""мстители: финал"" с суперкубка | marvel 2019";41463;956;936429;1 288;369;04.02.2019
390;что показали в трейлере;"что показали в трейлере ""человек-паук: вдали от дома"" | киновселенная марвел 2019";48155;1245;1630238;2 658;1689;21.01.2019
391;что показали в трейлере;"что показали в трейлере ""мстители: финал/avengers: endgame"" | киновселенная марвел 2019";82927;3533;1630238;4 781;1108;10.12.2018
392;что показали в трейлере;"что показали в трейлере ""покемон: детектив пикачу/pokemon detective pikachu""";38467;1120;508014;1 724;990;29.11.2018
393;что показали в трейлере;"что показали в трейлере ""годзилла 2: король монстров"" | киновселенная monsterverse 2019";21342;438;491216;1 058;788;09.11.2018
394;что показали в трейлере;"что показали в трейлере ""стекло/glass"" | киновселенная шьямалана 2019";33375;882;411022;1 215;1147;03.11.2018
395;что показали в трейлере;"что показали в трейлере ""капитан марвел/captain marvel""";35912;903;875224;1 568;1781;29.09.2018
396;что показали в трейлере;"что показали в трейлере 2 ""веном/venom"" | marvel 2018";49281;1658;1012667;2 020;1289;15.08.2018
397;что показали в трейлере;"что показали в трейлере ""шазам!/shazam!"" | киновселенная dceu 2018";48812;1077;251353;1 728;1426;28.07.2018
398;что показали в трейлере;"что показали в трейлере ""хищник/the predator"" | совершенный хищник 2018";30002;927;317032;1 176;1020;02.07.2018
399;что показали в трейлере;"что показали в трейлере ""бамблби/bumblebee"" | трансформеры 2018";34324;1218;317032;1 588;956;23.06.2018
400;что показали в трейлере;"что показали в трейлере ""веном/venom"" | марвел 2018";34470;2815;740332;1 584;700;26.05.2018
401;что показали в трейлере;"что показали в трейлере ""дэдпул 2/deadpool 2"" | марвел 2018";33583;737;661189;1 482;1107;09.04.2018
402;что показали в трейлере;"что показали в трейлере ""фантастические твари 2: преступления гриндевальда"" | гарри поттер 2018";32642;1308;615470;1 578;1036;04.04.2018
403;что показали в трейлере;"что показали в трейлере №2 ""мстители: война бесконечности/avengers: infinity war"" | марвел 2018";61323;1131;728285;3 079;1439;19.03.2018
404;что показали в трейлере;что показали в трейлере «дэдпул 2/deadpool 2” | марвел 2018;41126;1833;1115520;1 786;1235;21.02.2018
405;что показали в трейлере;"что показали в трейлере ""хан соло: звёздные войны истории/solo: a star wars story"" | дисней 2018";26064;635;418372;1 137;958;13.02.2018
406;что показали в трейлере;что показали в трейлере «человек-муравей и оса| ant-man and the wasp” | киновселенная марвел 2018;31236;477;487978;1 240;960;06.02.2018
407;что показали в трейлере;"что показали в трейлере №2 ""первому игроку приготовиться/ready player one"" | спилберг 2018";26368;647;44914;1 763;1303;27.01.2018
408;что показали в трейлере;"что показали в трейлере ""мстители: война бесконечности/avengers: infinity war"" | marvel thanos 2018";67684;1278;464483;4 410;1709;05.12.2017
409;что показали в трейлере;"что показали в трейлере ""майор гром: чумной доктор"" | bubble 2018";24593;958;347598;1 481;637;11.11.2017
410;что показали в трейлере;the last of us 2 сюжет раскрыт!;24286;580;16233;1 133;627;09.11.2017
411;что показали в трейлере;"что показали в трейлере №2 ""чёрная пантера/black panther"" | киновселенная марвел/marvel 2018";21047;451;660590;1 147;1107;31.10.2017
412;что показали в трейлере;"что показали в трейлере №2 ""звездные войны: последние джедаи/the last jedi"" | эпизод 8 2017";34548;1016;979338;1 484;1342;22.10.2017
413;что показали в трейлере;"что показали в финальном трейлере ""лига справедливости/justice league"" | dceu 2017";33071;841;592286;1 259;1001;14.10.2017
414;что показали в трейлере;"что показали в трейлере ""red dead redemption 2"" | rockstar games ps4, xbox one 2018";9718;523;198900;573;1048;12.10.2017
415;что показали в трейлере;"что показали в трейлере ""tomb raider: лара крофт"" | фильм 2018";18640;921;90783;1 312;900;01.10.2017
416;что показали в трейлере;"что показали в трейлере ""первому игроку приготовиться/ready player one"" | стивен спилберг 2017";38390;986;789876;1 680;1379;02.09.2017
417;что показали в трейлере;"что показали в трейлере №2 ""кингсман 2: золотое кольцо/kingsman 2: golden circle"" | 2017";28839;627;724446;758;602;09.08.2017
418;что показали в трейлере;"что показали в трейлере №3 ""лига справедливости/justice league"" | unite dceu 2017";30479;832;252944;1 612;1406;04.08.2017
419;что показали в трейлере;"что показали в трейлере №2 ""тор 3: рагнарёк/thor 3: ragnarok"" | комик кон 2017 марвел 4k";43561;1049;1107166;2 260;1031;29.07.2017
420;что показали в трейлере;"что показали в трейлере ""дюнкерк/dunkirk"" | фильм кристофера нолана 2017";11319;432;200093;660;764;13.07.2017
421;что показали в трейлере;"что показали в трейлере ""игра престолов/game of thrones"" 7 сезон | #winterishere";18148;530;1455735;943;998;05.07.2017
422;что показали в трейлере;"что показали в трейлере ""черная пантера/black panther"" | marvel 2018";35322;590;554083;1 136;789;17.06.2017
423;что показали в трейлере;"что показали в трейлере №3 ""человек-паук: возвращение домой/spider-man homecoming"" | marvel 2017";39826;851;2424417;1 479;818;03.06.2017
424;что показали в трейлере;"что показали в трейлере ""бегущий по лезвию 2049/blade runner 2049"" | джаред лето 2017";24301;913;103643;1 046;1307;28.05.2017
425;что показали в трейлере;"что показали в финальном трейлере ""трансформеры 5: последний рыцарь"" | инферникус transformers 2015";39434;931;809447;1 985;464;19.05.2017
426;что показали в трейлере;"что показали в трейлере видеоигры ""battlefront 2"" | star wars ps4, xbox, pc";17629;500;252944;715;610;09.05.2017
427;что показали в трейлере;"что показали в трейлере ""кингсман 2: золотое кольцо/kingsman golden circle"" | фильм 2017";32735;782;65598;1 500;921;06.05.2017
428;что показали в трейлере;"что показали в трейлере №3 ""трансформеры 5: последний рыцарь/transformers the last knight"" | 2017";33493;850;1463388;2 401;980;02.05.2017
429;что показали в трейлере;"что показали в трейлере ""звёздные войны: последние джедаи"" | теория сумрака star wars 2017";48036;1684;1039932;2 499;1581;22.04.2017
430;что показали в трейлере;"что показали в тизере ""тор 3: рагнарёк/thor 3: ragnarok"" | marvel 2017";45901;1086;889556;2 328;1283;17.04.2017
431;что показали в трейлере;"что показали в трейлере №3 ""стражи галактики часть 2/guardians of the galaxy 2"" | marvel 2017";34803;942;992873;1 250;837;13.04.2017
432;что показали в трейлере;"что показали в трейлере №2 ""человек паук: возвращение домой/spiderman: homecoming"" | marvel 2017";41079;891;974755;1 566;1013;11.04.2017
433;что показали в трейлере;"что показали в трейлере ""лига справедливости/justice league"" | dc batman 2017";41302;993;1080426;1 878;1304;06.04.2017
434;что показали в трейлере;"что показали в трейлере №2 ""чужой: завет/alien covenant"" | прометей 2 2017";34561;1038;996462;2 109;1180;30.03.2017
435;что показали в трейлере;"что показали в трейлере №2 ""форсаж 8/the fate of the furious"" | разбор трейлера 2017";28759;701;627029;1 619;621;20.03.2017
436;что показали в трейлере;"что показали в трейлере №2 ""пираты карибского моря 5: мертвецы не рассказывают сказки"" | 2017";39937;1173;1011052;1 769;814;10.03.2017
437;что показали в трейлере;"разбор короткометражки ""дэдпул 2: no good deed"" | марвел 2017";45432;1623;1115520;1 647;739;06.03.2017
438;что показали в трейлере;"что показали в трейлере второго сезона ""очень странные дела/stranger things"" | сериал 2017";15829;768;327290;877;773;28.02.2017
439;что показали в трейлере;"что показали в трейлере ""мумия/the mummy"" | том круз 2017";23764;717;501483;1 150;734;24.02.2017
440;что показали в трейлере;"что показали в трейлере №2 ""трансформеры 5: последний рыцарь"" | теория нового прайма";46797;1277;1463388;2 339;857;17.02.2017
441;что показали в трейлере;"что показали в тизере №2 ""пираты карибского моря 5: мертвецы не рассказывают сказки"" | 2017";53215;1401;1342582;2 178;787;15.02.2017
442;что показали в трейлере;"что показали в трейлере ""the last of us part 2/одни из нас 2"" | умрёт ли джоэл?";63511;1791;1618689;3 658;972;09.02.2017
443;что показали в трейлере;"что показали в трейлере №2 ""логан/logan"" | разбор трейлера росомаха/wolverine 2017";37571;709;439050;1 463;960;25.01.2017
444;что показали в трейлере;что показали в трейлере чужой: завет/alien covenant | разбор трейлера прометей 2 потеряный рай 2017;48752;2448;996462;2 199;995;07.01.2017
445;что показали в трейлере;"что показали в трейлере ""форсаж 8/the fate of the furious"" | анализ трейлера 2017";31233;1510;1436766;2 491;804;27.12.2016
446;что показали в трейлере;"что показали в трейлере ""трансформеры последний рыцарь/transformers the last knight"" | 2017";66639;1136;1463388;3 950;763;19.12.2016
447;что показали в трейлере;"что показали в трейлере ""человек паук возвращение домой/spiderman homecoming"" 2017 | разбор трейлера";66765;2119;76692;2 622;1064;13.12.2016
448;что показали в трейлере;"что показали в трейлере ""стражи галактики часть 2/guardians of the galaxy vol. 2"" | 2017";19363;545;413197;759;689;08.12.2016
449;что показали в трейлере;"что показали в трейлере ""призрак в доспехах/ghost in the shell"" | разбор трейлера 2017";21295;1081;491239;1 343;740;23.11.2016
450;что показали в трейлере;"что показали в трейлере ""чудо женщина/wonder woman"" | разбор трейлера dc 2017";19350;363;429497;749;662;19.11.2016
451;что показали в трейлере;"что показали в трейлере ""майор гром"" | bubble";9460;579;1649603;542;383;03.11.2016
452;что показали в трейлере;что показали в трейлере №2 кредо убийцы/assassins creed | покадровый разбор;23007;339;810608;730;603;27.10.2016
453;что показали в трейлере;что показали в трейлере логан / logan | росомаха 3 / wolverine 3;44456;1339;439050;1 761;985;24.10.2016
454;что показали в трейлере;"что показали в финальном трейлере ""звёздные войны истории: изгой-один"" | rogue one";19954;452;1381472;757;735;18.10.2016
455;что показали в трейлере;"что показали в трейлере ""могучие рейнджеры"" | power rangers 2017";30535;459;1445824;1 253;618;13.10.2016
456;что показали в трейлере;"что показали в трейлере №2 ""фантастические твари и где они обитают""";10858;512;470412;976;617;03.10.2016
457;что показали в трейлере;что показали в трейлере игры spider man ps4;12435;428;948542;1 022;611;21.09.2016
458;что показали в трейлере;"что показали в трейлере №2 ""изгой-один: звёздные войны истории"" | star wars rogue one";12639;746;449826;982;915;16.09.2016
459;что показали в трейлере;"что показали в трейлере ""чудо-женщина"" | wonder woman";10623;515;382426;779;601;01.09.2016
460;что показали в трейлере;"что показали в трейлере №2 ""доктор стрендж/doctor strange"" *marvel | покадровый анализ";13848;562;610236;1 066;886;27.08.2016
461;что показали в трейлере;"что показали в трейлере comic-con ""лига справедливости/justice league"" *комик-кон 2016";23723;568;889556;2 306;741;27.07.2016
462;что показали в трейлере;"что показали в трейлере ""resident evil 7""";6840;525;4047688;558;604;05.07.2016
463;что показали в трейлере;"что показали в трейлере ""стартрек бесконечность"" | звездный путь / star trek beyond";6145;437;267103;944;764;15.06.2016
464;что показали в трейлере;"что показали в трейлере ""фантастические твари и где они обитают/fantastic beasts""";10360;245;810608;602;602;07.06.2016
465;что показали в трейлере;"что показали в трейлере ""кредо убийцы"" *assassins creed";21993;1250;474712;2 186;637;18.05.2016
466;что показали в трейлере;"что показали в трейлере #3 ""отряд самоубийц"" *suicide squad";26438;1534;977586;2 438;716;21.04.2016
467;что показали в трейлере;"что показали в первом трейлере ""изгой-один"" | star wars rogue one";7918;507;503735;585;697;16.04.2016
468;что показали в трейлере;"что показали в трейлере №2 ""люди икс: апокалипсис""";7994;441;811142;0;0;24.03.2016
469;что показали в трейлере;"что показали в трейлере ""первый мститель: противостояние""";24367;1090;1074960;1 835;864;16.03.2016
470;что показали в трейлере;"что показали в трейлере ""охотники за привидениями""";3752;569;3325332;614;582;09.03.2016
471;что показали в трейлере;что показали в трейлере отряд самоубийц/suicide squad *анализ | обзор от cut the crap tv;40999;1977;3325332;3 378;647;25.01.2016
472;что показали в трейлере;"что показали в трейлере ""дэдпул"" (deadpool) *возможные спойлеры | обзор от cut the crap tv";7731;239;1083947;410;493;02.01.2016
473;что показали в трейлере;"что показали в трейлере ""люди икс: апокалипсис"" *анализ | обзор от cut the crap tv";4351;104;893798;229;401;22.12.2015
474;что показали в трейлере;"что показали в трейлере ""бэтмен против супермена: на заре справедливости"" *обзор* | cut the crap tv";11926;859;289996;946;517;07.12.2015
475;что показали в трейлере;"что показали в трейлере ""варкрафт"" *warcraft";13191;441;675055;1 554;431;08.11.2015
476;что показали в трейлере;"что показали в трейлере ""звездные войны эпизод vii: пробуждение силы"" | обзор от cut the crap tv";2044;97;170215;238;509;23.10.2015
477;что показали в трейлере;"что показали в трейлере ""мир юрского периода""";215;37;811142;11;173;22.05.2015
478;что показали в трейлере;"что показали в трейлере ""терминатор: генезис""";308;38;811142;40;155;22.04.2015
479;видеокассеты;"""шутник"" vhs-трейлер";14320;1193;1038235;617;173;18.05.2019
480;видеокассеты;"vhs трейлер ""доктор стрендж"" (в стиле 80-х)";2967;265;811142;166;163;13.04.2016
481;видеокассеты;"vhs трейлер №3 ""отряд самоубийц"" (в стиле 80-х)";2659;426;811630;201;191;
482;видеокассеты;vhs трейлер первый мститель: противостояние (в стиле 90-х);3810;197;78200;309;181;19.03.2016
483;видеокассеты;vhs трейлер x-men apocalypse (в стиле 90-х);2498;146;78200;213;169;19.03.2016
484;видеокассеты;"vhs трейлер ""бэтмен против супермена"" (в стиле 90-х) смотреть в 144p";3238;170;201548;324;175;21.03.2016
485;видеокассеты;"vhs трейлер ""отряд самоубийц"" (в стиле 90-х) смотреть в 144p";2677;137;55423;164;203;24.03.2016
486;видеокассеты;яростный боец серия 1. игра окончена;211;20;9425;18;377;14.06.2015
487;что было не так в фильме;все ошибки людей-икс, ломающие таймлайн;58727;3402;981948;2 408;852;15.07.2019
488;что было не так в фильме;30 ошибок и ляпов фильма дэдпул/deadpool *киноляпы;25651;2401;591948;2 767;600;10.06.2016
489;что было не так в фильме;что не так с пробуждением силы (спойлеры) *минусы | мнение от cut the crap tv;5311;260;443446;559;606;11.02.2016
490;что было не так в фильме;"что было не так в фильме ""трансформеры"" за 5 минут | придирки от cut the crap tv";1349;207;500186;70;353;31.05.2015
491;что было не так в фильме;"что было не так в фильме ""звездный путь"" за 4 минуты";373;77;15559787;33;261;16.05.2015
492;что было не так в фильме;"что было не так в фильме ""мстители"" за 3 минуты";1748;422;514019;175;188;25.03.2015
493;что было не так в фильме;"что было не так в фильме ""начало"" за 4 минуты";1682;930;1581740;169;249;25.03.2015
494;что было не так в фильме;"что было не так в фильме ""темный рыцарь"" за 5 минут";0;0;88395;86;0;25.03.2015
495;что было не так в фильме;"что было не так в фильме ""стражи галактики"" за 5 минут";1195;358;439476;107;301;06.04.2015
